doi,access,type,open-data,open-materials,pre-registred,osf,open_text,open_links
10.1177/09567976211015941,Open Access,Research article,TRUE,TRUE,FALSE,,All data and analysis code have been made publicly available via Figshare and can be accessed at https://doi.org/10.25397/eur.17179514. The design and analysis plans for the studies were not preregistered. This article has received the badges for Open Data and Open Materials. More information about the Open Practices badges can be found at http://www.psychologicalscience.org/publications/badges.,https://doi.org/10.25397/eur.17179514
10.1177/09567976211028984,Available access,Research article,TRUE,TRUE,TRUE,osf.io/tn6g4;osf.io/afmb6;osf.io/64srk;osf.io/dvmr7,"Data were obtained via the National Study of Learning Mindsets (NSLM) and have been made publicly available at https://doi.org/10.3886/ICPSR37353.v1. The syntax can be obtained by contacting [email protected]. The design and analysis plan for the investigation of NSLM grades were preregistered on OSF at https://osf.io/afmb6/ (note that discussion of these analyses was divided between the present article and Yeager et al., 2019), and the analysis plan for the manipulation checks was preregistered at https://osf.io/64srk. Deviations from the preregistration are discussed in the Supplemental Material available online. This article has received the badges for Open Data, Open Materials, and Preregistration. More information about the Open Practices badges can be found at http://www.psychologicalscience.org/publications/badges.","https://doi.org/10.3886/ICPSR37353.v1;[email protected];https://osf.io/afmb6/;Yeager et al., 2019;https://osf.io/64srk"
10.1177/09567976211024643,Free access,Research article,FALSE,FALSE,FALSE,osf.io/bf97c,All data and code are publicly available at GitHub and can be accessed at https://github.com/mllewis/WCBC_GENDER. The design and analysis plans for the study were not preregistered.,https://github.com/mllewis/WCBC_GENDER
10.1177/09567976211017505,Free access,Research article,FALSE,FALSE,FALSE,,"Data and materials for this study have not been made publicly available, and the design and analysis plans were not preregistered.",
10.1177/09567976211024254,Free access,Research article,TRUE,TRUE,TRUE,osf.io/9xun6,All data and materials have been made publicly available via OSF and can be accessed at https://osf.io/9xun6/. The design and analysis plan for each experiment was preregistered on AsPredicted.org (Experiment 1a: https://aspredicted.org/g3sf5.pdf; Experiment 1b: https://aspredicted.org/xe5zx.pdf; Experiment 2a: https://aspredicted.org/xs4as.pdf; Experiment 2b: https://aspredicted.org/3x4as.pdf; Experiment 3a: https://aspredicted.org/cp5aq.pdf; Experiment 3b: https://aspredicted.org/e6c97.pdf; Experiment 4a: https://aspredicted.org/3ye6y.pdf; Experiment 4b: https://aspredicted.org/hv3cd.pdf; Experiment 5: https://aspredicted.org/cc6zs.pdf; Experiment 6a: https://aspredicted.org/9ri7p.pdf; Experiment 6b: https://aspredicted.org/hb2ck.pdf).,https://osf.io/9xun6/;https://aspredicted.org/g3sf5.pdf;https://aspredicted.org/xe5zx.pdf;https://aspredicted.org/xs4as.pdf;https://aspredicted.org/3x4as.pdf;https://aspredicted.org/cp5aq.pdf;https://aspredicted.org/e6c97.pdf;https://aspredicted.org/3ye6y.pdf;https://aspredicted.org/hv3cd.pdf;https://aspredicted.org/cc6zs.pdf;https://aspredicted.org/9ri7p.pdf;https://aspredicted.org/hb2ck.pdf
10.1177/09567976211026982,Free access,Research article,TRUE,TRUE,TRUE,osf.io/5y4z6,"All data, analysis code, and materials have been made publicly available via OSF and can be accessed at https://osf.io/5y4z6/. The design and analysis plans for the experiments were preregistered on AsPredicted.org (Experiment 1: https://aspredicted.org/ku8ev.pdf; Experiment 2: https://aspredicted.org/vt7u7.pdf; Experiment 3: https://aspredicted.org/jm34j.pdf; Experiment 4: https://aspredicted.org/jr9e4.pdf; Experiment 5: https://aspredicted.org/uu2xu.pdf). This article has received the badges for Open Data, Open Materials, and Preregistration. More information about the Open Practices badges can be found at http://www.psychologicalscience.org/publications/badges.",https://osf.io/5y4z6/;https://aspredicted.org/ku8ev.pdf;https://aspredicted.org/vt7u7.pdf;https://aspredicted.org/jm34j.pdf;https://aspredicted.org/jr9e4.pdf;https://aspredicted.org/uu2xu.pdf
10.1177/09567976211026983,Open Access,Research article,TRUE,TRUE,TRUE,osf.io/7j6kh,"All data, materials, and analysis code have been made publicly available via OSF and can be accessed at https://osf.io/7j6kh/. The design and analysis plans were preregistered on OSF at https://osf.io/7j6kh/. Note that although the preregistration was uploaded prior to data collection, it was not registered at that time; however, as the time stamp shows, no changes were made to the preregistration after it was initially posted. Deviations from the preregistration are discussed in the text, and the Supplemental Material available online includes a section describing how the preregistered hypotheses map onto the analyses reported in the article. This article has received the badges for Open Data, Open Materials, and Preregistration. More information about the Open Practices badges can be found at http://www.psychologicalscience.org/publications/badges.",https://osf.io/7j6kh/
10.1177/09567976211032225,Free access,Research article,TRUE,FALSE,FALSE,osf.io/d7ght,All data have been made publicly available via OSF and can be accessed at https://osf.io/d7ght/. The design and analysis plans for the experiments were not preregistered. This article has received the badge for Open Data. More information about the Open Practices badges can be found at http://www.psychologicalscience.org/publications/badges.,https://osf.io/d7ght/
10.1177/09567976211034501,Open Access,Research article,TRUE,FALSE,FALSE,,All data have been made publicly available via Zenodo and can be accessed at https://doi.org/10.5281/zenodo.4416158. The design and analysis plans for the study were not preregistered. This article has received the badge for Open Data. More information about the Open Practices badges can be found at http://www.psychologicalscience.org/publications/badges.,https://doi.org/10.5281/zenodo.4416158
10.1177/09567976211030630,Open Access,Research article,TRUE,FALSE,FALSE,osf.io/fwypd,All data have been made publicly available via OSF and can be accessed at https://osf.io/fwypd/. The design and analysis plans for the study were not preregistered. This article has received the badge for Open Data. More information about the Open Practices badges can be found at http://www.psychologicalscience.org/publications/badges.,https://osf.io/fwypd/
10.1177/09567976211031225,Free access,Research article,FALSE,FALSE,FALSE,,"Data and materials for these studies have not been made publicly available, and the design and analysis plans were not preregistered.",
10.1177/09567976211032224,Open Access,Research article,TRUE,FALSE,TRUE,osf.io/wqd8n,"All data and analysis code have been made publicly available via OSF and can be accessed at https://doi.org/10.17605/OSF.IO/Z6D7J. The design and analysis plans for Experiment 2 were preregistered at https://osf.io/wqd8n/. Deviations from the preregistration are discussed in the “Preregistration” section of Supplemental Information About Data Quality, Preregistration, and Other Results, which can be found in the Supplemental Material available online. This article has received the badges for Open Data and Preregistration. More information about the Open Practices badges can be found at http://www.psychologicalscience.org/publications/badges.",https://doi.org/10.17605/OSF.IO/Z6D7J;https://osf.io/wqd8n/
10.1177/09567976211068821,Free access,Correction,FALSE,FALSE,FALSE,,NA,
10.1177/09567976221078527,Free access,Editorial,FALSE,FALSE,FALSE,,NA,
10.1177/09567976211031895,Restricted access,Research article,FALSE,TRUE,FALSE,osf.io/cmbda,Data used in this study are confidential and cannot be shared publicly. Materials and analysis code have been made publicly available via OSF and can be accessed at https://osf.io/cmbda/. The design and analysis plans were not preregistered. This article has received the badge for Open Materials. More information about the Open Practices badges can be found at http://www.psychologicalscience.org/publications/badges.,https://osf.io/cmbda/
10.1177/09567976211034498,Restricted access,Research article,TRUE,TRUE,FALSE,,"The task, the electronic version of the questionnaire (in French), and all behavioral data have been made publicly available via Zenodo and can be accessed at https://doi.org/10.5281/zenodo.4965716. The design and analysis plans for the study were not preregistered. This article has received the badges for Open Data and Open Materials. More information about the Open Practices badges can be found at http://www.psychologicalscience.org/publications/badges.",https://doi.org/10.5281/zenodo.4965716
10.1177/09567976211036061,Restricted access,Research article,TRUE,FALSE,FALSE,,"Data for the present study were obtained from the Survey of Health, Ageing and Retirement in Europe (SHARE) Waves 1, 2, 3 (SHARELIFE), 4, 5 and 6 (https://doi.org/10.6103/SHARE.w1.600, https://doi.org/10.6103/SHARE.w2.600, https://doi.org/10.6103/SHARE.w3.600, https://doi.org/10.6103/SHARE.w4.600, https://doi.org/10.6103/SHARE.w5.600, https://doi.org/10.6103/SHARE.w6.600). The design and analysis plans for the present study were not preregistered. This article has received the badge for Open Data. More information about the Open Practices badges can be found at http://www.psychologicalscience.org/publications/badges.",https://doi.org/10.6103/SHARE.w1.600;https://doi.org/10.6103/SHARE.w2.600;https://doi.org/10.6103/SHARE.w3.600;https://doi.org/10.6103/SHARE.w4.600;https://doi.org/10.6103/SHARE.w5.600;https://doi.org/10.6103/SHARE.w6.600
10.1177/09567976211032663,Restricted access,Research article,TRUE,TRUE,TRUE,osf.io/sz8yt;osf.io/w2qd4;osf.io/64rjb;osf.io/kcw4v,"All data and analysis code have been made publicly available via OSF and can be accessed at https://osf.io/sz8yt/. The design and analysis plans for the experiments were preregistered on OSF (Experiment 1: https://osf.io/w2qd4/; Experiment 2: https://osf.io/64rjb/; Experiment 3: https://osf.io/kcw4v/). This article has received the badges for Open Data, Open Materials, and Preregistration. More information about the Open Practices badges can be found at http://www.psychologicalscience.org/publications/badges.",https://osf.io/sz8yt/;https://osf.io/w2qd4/;https://osf.io/64rjb/;https://osf.io/kcw4v/
10.1177/09567976211032231,Restricted access,Research article,TRUE,TRUE,TRUE,osf.io/bw69r;osf.io/wxek6,"Deidentified data, analysis code, and all procedural details have been made publicly available via OSF and can be accessed at https://osf.io/bw69r/. The design and analysis plans for the study were preregistered at https://osf.io/wxek6/. Analyses and aims were preregistered after data were recorded and prior to any inspection of the data. This article has received the badges for Open Data, Open Materials, and Preregistration. More information about the Open Practices badges can be found at http://www.psychologicalscience.org/publications/badges.",https://osf.io/bw69r/;https://osf.io/wxek6/
10.1177/09567976211036065,Available access,Research article,TRUE,FALSE,FALSE,osf.io/jghq4,All data and materials have been made publicly available via OSF and can be accessed at https://osf.io/jghq4/. The design and analysis plans for the study were not preregistered. This article has received the badge for Open Data. More information about the Open Practices badges can be found at http://www.psychologicalscience.org/publications/badges.,https://osf.io/jghq4/
10.1177/09567976211032887,Available access,Research article,TRUE,TRUE,TRUE,osf.io/efymg;osf.io/94r87,"Deidentified data for both experiments along with the code for data analysis and figure scripts have been made publicly available via OSF and can be accessed at https://osf.io/94r87/. The design and analysis plans for Experiment 2 were preregistered at https://osf.io/efymg/. Experiment 1 was not preregistered. This article has received the badges for Open Data, Open Materials, and Preregistration. More information about the Open Practices badges can be found at http://www.psychologicalscience.org/publications/badges.",https://osf.io/94r87/;https://osf.io/efymg/
10.1177/09567976211034806,Restricted access,Research article,FALSE,TRUE,FALSE,osf.io/a8fqb,"Data were accessed on December 16, 2020, from the website of the Fédération Internationale des Échecs (FIDE), or the World Chess Federation (https://ratings.fide.com/download.phtml). Analysis code for this study has been made publicly available via OSF and can be accessed at https://osf.io/a8fqb/. The design and analysis plans for the study were not preregistered. This article has received the badge for Open Materials. More information about the Open Practices badges can be found at http://www.psychologicalscience.org/publications/badges.",https://ratings.fide.com/download.phtml;https://osf.io/a8fqb/
10.1177/09567976211031571,Restricted access,Research article,FALSE,FALSE,FALSE,osf.io/7n4sr;osf.io/857ev,"All data, code used to conduct the analyses and create the figures, and supplementary materials have been made publicly available via OSF and can be accessed at https://osf.io/7n4sr/. The design and analysis plans for the study were not preregistered.",https://osf.io/7n4sr/
10.1177/09567976211032676,Open Access,Research article,TRUE,TRUE,FALSE,osf.io/rv7sn,All data and experimental stimuli for both experiments have been made publicly available via the Donders Repository and can be accessed at https://doi.org/10.34973/x6fy-4q26. All analysis code is available from GitHub at https://github.com/Spaak/context-congruency. The design and analysis plans for the experiments were not preregistered. This article has received the badges for Open Data and Open Materials. More information about the Open Practices badges can be found at http://www.psychologicalscience.org/publications/badges.,https://doi.org/10.34973/x6fy-4q26;https://github.com/Spaak/context-congruency
10.1177/09567976211032657,Restricted access,Research article,TRUE,TRUE,TRUE,,"All data and materials have been made publicly available via ResearchBox and can be accessed at https://researchbox.org/322. The design and analysis plans for the studies were preregistered on AsPredicted. The preregistrations are also available in the ResearchBox. This article has received the badges for Open Data, Open Materials, and Preregistration. More information about the Open Practices badges can be found at http://www.psychologicalscience.org/publications/badges.",https://researchbox.org/322
10.1177/09567976211034505,Available access,Research article,TRUE,FALSE,FALSE,osf.io/zegqp;osf.io/fcg8b,All data and analysis scripts for Experiments 1 and 2 have been made publicly available via OSF and can be accessed at https://osf.io/fcg8b/. The design and analysis plans for the experiments were not preregistered. This article has received the badge for Open Data. More information about the Open Practices badges can be found at http://www.psychologicalscience.org/publications/badges.,https://osf.io/fcg8b/
10.1177/09567976211036075,Available access,Research article,TRUE,TRUE,FALSE,osf.io/m8hn9;osf.io/vtf6d,"All data, analysis scripts, questionnaires, and scoring methods have been made publicly available via OSF and can be accessed at https://osf.io/vtf6d/. The design and analysis plan for the study were not preregistered. This article has received the badges for Open Data and Open Materials. More information about the Open Practices badges can be found at http://www.psychologicalscience.org/publications/badges.",https://osf.io/vtf6d/
10.1177/09567976211044157,Available access,Research article,TRUE,TRUE,FALSE,,All data and analysis code have been made publicly available via Zenodo and can be accessed at https://doi.org/10.5281/zenodo.6015645. The design and analysis plan for the study were not preregistered. This article has received the badges for Open Data and Open Materials. More information about the Open Practices badges can be found at http://www.psychologicalscience.org/publications/badges.,https://doi.org/10.5281/zenodo.6015645
10.1177/09567976211040491,Open Access,Research article,TRUE,FALSE,TRUE,osf.io/6x3fs;osf.io/u6hsc;osf.io/xvd6s;osf.io/j6r7h,"The data sets used in the present study are listed in Table 1 in the supplemental material at https://osf.io/6x3fs/. Requests to access the data should be directed to the relevant authors. The distributions of coefficients derived from our data processing, alongside annotated analysis scripts, are publicly available via OSF and can be accessed at https://osf.io/xvd6s/. Data transformed into daily behavioral profiles are available at https://osf.io/j6r7h/. The following interactive data-visualization website demonstrates how we created coefficient distributions during data processing: https://behaviouralanalytics.shinyapps.io/AppUseProfiles/. The hypotheses, design, and analysis plan for this study were preregistered on OSF at https://osf.io/u6hsc/. This article has received the badges for Open Data and Preregistration. More information about the Open Practices badges can be found at http://www.psychologicalscience.org/publications/badges.",Table 1;supplemental material;https://osf.io/6x3fs/;https://osf.io/xvd6s/;https://osf.io/j6r7h/;https://behaviouralanalytics.shinyapps.io/AppUseProfiles/;https://osf.io/u6hsc/
10.1177/09567976211034502,Available access,Research article,TRUE,FALSE,FALSE,osf.io/me7w4,Deidentified data and analysis scripts have been made publicly available via OSF and can be accessed at https://osf.io/me7w4/. The design and analysis plan for the study were not preregistered. This article has received the badge for Open Data. More information about the Open Practices badges can be found at http://www.psychologicalscience.org/publications/badges.,https://osf.io/me7w4/
10.1177/09567976211037971,Open Access,Research article,FALSE,TRUE,FALSE,osf.io/px57h;osf.io/s8zk5,All analysis code has been made publicly available via OSF and can be accessed at https://osf.io/s8zk5/. This article reports data from the Seattle Longitudinal Study (https://sls.psychiatry.uw.edu/); requests for access to the data should be made to S. L. Willis ([email protected]). The design and analysis plan for the present study were not preregistered. This article has received the badge for Open Materials. More information about the Open Practices badges can be found at http://www.psychologicalscience.org/publications/badges.,https://osf.io/s8zk5/;https://sls.psychiatry.uw.edu/;[email protected]
10.1177/09567976211040495,Restricted access,Research article,TRUE,TRUE,TRUE,osf.io/4zrq8,"All data and materials have been made publicly available via OSF and can be accessed at https://osf.io/4zrq8/. The design and analysis plans for all studies was preregistered (pilot study: https://aspredicted.org/n9qg2.pdf; Study 1, sample A: https://aspredicted.org/xc6at.pdf; Study 1, sample B: https://aspredicted.org/6iw9v.pdf; Study 2: https://aspredicted.org/7dz85.pdf; Study 3: https://aspredicted.org/xa9qv.pdf; Study 4, sample A: https://aspredicted.org/7d5n9.pdf; Study 4, sample B: https://aspredicted.org/gp3yy.pdf). This article has received the badges for Open Data, Open Materials, and Preregistration. More information about the Open Practices badges can be found at http://www.psychologicalscience.org/publications/badges.",https://osf.io/4zrq8/;https://aspredicted.org/n9qg2.pdf;https://aspredicted.org/xc6at.pdf;https://aspredicted.org/6iw9v.pdf;https://aspredicted.org/7dz85.pdf;https://aspredicted.org/xa9qv.pdf;https://aspredicted.org/7d5n9.pdf;https://aspredicted.org/gp3yy.pdf
10.1177/09567976211042379,Restricted access,Research article,TRUE,TRUE,FALSE,osf.io/ve837,All data and analysis code have been made publicly available via OSF and can be accessed at https://osf.io/ve837/. The design and analysis plan for the experiment were not preregistered. This article has received the badges for Open Data and Open Materials. More information about the Open Practices badges can be found at http://www.psychologicalscience.org/publications/badges.,https://osf.io/ve837/
10.1177/09567976211042008,Restricted access,Research article,FALSE,FALSE,TRUE,,The design and analysis plan for Study 2 was preregistered on AsPredicted and can be accessed at https://aspredicted.org/f7fc6.pdf. Data and materials for this study have not been made publicly available. This article has received the badge for Preregistration. More information about the Open Practices badges can be found at http://www.psychologicalscience.org/publications/badges.,https://aspredicted.org/f7fc6.pdf
10.1177/09567976211040803,Open Access,Research article,TRUE,TRUE,TRUE,osf.io/7rzx8;osf.io/sqa9w;osf.io/sf2pq;osf.io/3vfas;osf.io/m7326;osf.io/mtfjn,"All data, analysis code, and materials for Studies 1 to 3 have been made publicly available via OSF and can be accessed at https://osf.io/3vfas/. The design and analysis plans for the studies were preregistered—Study 1: https://osf.io/sf2pq/, Study 2: https://osf.io/7rzx8/, Study 3: https://osf.io/sqa9w/. This article has received the badges for Open Data, Open Materials, and Preregistration. More information about the Open Practices badges can be found at http://www.psychologicalscience.org/publications/badges.",https://osf.io/3vfas/;https://osf.io/sf2pq/;https://osf.io/7rzx8/;https://osf.io/sqa9w/
10.1177/09567976211043425,Restricted access,Research article,TRUE,TRUE,TRUE,osf.io/432u7;osf.io/67z5v,"All data, analysis codes, and codes to generate the materials have been made publicly available via OSF and can be accessed at https://osf.io/432u7/. The design and analysis plan for the study were preregistered at https://osf.io/67z5v/. This article has received the badges for Open Data, Open Materials, and Preregistration. More information about the Open Practices badges can be found at http://www.psychologicalscience.org/publications/badges.",https://osf.io/432u7/;https://osf.io/67z5v/
10.1177/09567976211040745,Restricted access,Research article,TRUE,TRUE,TRUE,osf.io/m8trh;osf.io/4xsz2,"All data and materials for Studies 1 and 2 have been made publicly available via OSF and can be accessed at https://osf.io/m8trh/. The design and analysis plan for Study 2 were preregistered on OSF and can be accessed at https://osf.io/4xsz2/. Deviations from the preregistration are discussed in the text. Study 1 was not preregistered. This article has received the badges for Open Data, Open Materials, and Preregistration. More information about the Open Practices badges can be found at http://www.psychologicalscience.org/publications/badges.",https://osf.io/m8trh/;https://osf.io/4xsz2/
10.1177/09567976221083022,Restricted access,Other,FALSE,FALSE,FALSE,,NA,
10.1177/09567976211051272,Open Access,Research article,TRUE,TRUE,FALSE,osf.io/7jm53,All data and analysis code have been made publicly available via OSF and can be accessed at https://osf.io/7jm53/. The design and analysis plan for the study were not preregistered. This article has received the badges for Open Data and Open Materials. More information about the Open Practices badges can be found at http://www.psychologicalscience.org/publications/badges.,https://osf.io/7jm53/
10.1177/09567976211053573,Restricted access,Research article,TRUE,TRUE,TRUE,osf.io/6r4zy;osf.io/dk4gc,"All data and analysis scripts have been made publicly available via OSF and can be accessed at https://osf.io/6r4zy/. The design and analysis plan for analyses of some secondary data were preregistered at https://osf.io/dk4gc/. This article has received the badges for Open Data, Open Materials and Preregistration. More information about the Open Practices badges can be found at http://www.psychologicalscience.org/publications/badges.",https://osf.io/6r4zy/;https://osf.io/dk4gc/
10.1177/09567976211044685,Restricted access,Research article,TRUE,TRUE,TRUE,osf.io/2avtu,"All data, analysis code, and materials have been made publicly available via OSF and can be accessed at https://osf.io/2avtu/. The design and analysis plans for the experiments were preregistered at AsPredicted (copies are available on OSF at https://osf.io/2avtu/). This article has received the badges for Open Data, Open Materials, and Preregistration. More information about the Open Practices badges can be found at http://www.psychologicalscience.org/publications/badges.",https://osf.io/2avtu/
10.1177/09567976211045935,Restricted access,Research article,TRUE,TRUE,TRUE,osf.io/ks5tr;osf.io/ydf2u;osf.io/4jgsz,"Data and materials for all four experiments have been made publicly available via OSF and can be accessed at https://osf.io/ks5tr/ and https://osf.io/ydf2u/, respectively. The design and analysis plans for Experiments 2 to 4 were preregistered on AsPredicted; copies are available at https://osf.io/4jgsz/. All preregistered analyses are described in the Supplemental Material available online. This article has received the badges for Open Data, Open Materials, and Preregistration. More information about the Open Practices badges can be found at http://www.psychologicalscience.org/publications/badges.",https://osf.io/ks5tr/;https://osf.io/ydf2u/;https://osf.io/4jgsz/
10.1177/09567976211031215,Restricted access,Research article,TRUE,TRUE,TRUE,osf.io/a95kv,"All data and analysis code have been made publicly available via OSF and can be accessed at https://osf.io/a95kv/. The design and analysis plans for the experiments were preregistered at https://osf.io/a95kv/. See Note 1 for a discussion of deviations from the preregistration. This article has received the badges for Open Data, Open Materials, and Preregistration. More information about the Open Practices badges can be found at http://www.psychologicalscience.org/publications/badges.",https://osf.io/a95kv/
10.1177/09567976211042007,Restricted access,Research article,TRUE,TRUE,FALSE,osf.io/7bfy9,All data and code for replicating the analyses and stimuli have been made publicly available via OSF and can be accessed at https://osf.io/7bfy9/. The design and analysis plan for the study were not preregistered. This article has received the badges for Open Data and Open Materials. More information about the Open Practices badges can be found at http://www.psychologicalscience.org/publications/badges.,https://osf.io/7bfy9/
10.1177/09567976211045345,Restricted access,Research article,TRUE,TRUE,TRUE,osf.io/5xfsm,"All data, analytic code, and materials have been made publicly available via OSF and can be accessed at https://osf.io/5xfsm/. The design and analysis plans for the studies were preregistered on AsPredicted (Study 1: https://aspredicted.org/hs5kv.pdf, Study 2: https://aspredicted.org/9gz82.pdf). This article has received the badges for Open Data, Open Materials, and Preregistration. More information about the Open Practices badges can be found at http://www.psychologicalscience.org/publications/badges.",https://osf.io/5xfsm/;https://aspredicted.org/hs5kv.pdf;https://aspredicted.org/9gz82.pdf
10.1177/09567976211043426,Open Access,Research article,TRUE,TRUE,FALSE,osf.io/jys6u,Deidentified data and code to replicate the findings have been made publicly available via OSF and can be accessed at https://osf.io/jys6u/. The design and analysis plans for the studies were not preregistered. This article has received the badges for Open Data and Open Materials. More information about the Open Practices badges can be found at http://www.psychologicalscience.org/publications/badges.,https://osf.io/jys6u/
10.1177/09567976211044133,Available access,Research article,TRUE,TRUE,TRUE,osf.io/fsven;osf.io/92vn6,"All data, analysis code, and materials have been made publicly available via OSF and can be accessed at https://osf.io/92vn6/. The design and analysis plans for all studies were preregistered on AsPredicted (copies can be found at https://osf.io/92vn6/). This article has received the badges for Open Data, Open Materials, and Preregistration. More information about the Open Practices badges can be found at http://www.psychologicalscience.org/publications/badges.",https://osf.io/92vn6/
10.1177/09567976211043428,Open Access,Research article,FALSE,FALSE,TRUE,osf.io/gt2qz;osf.io/j8sxz,The design and analysis plan for Experiment 2 were preregistered on OSF and can be accessed at https://osf.io/gt2qz/. Experiments 1 and 3 were not preregistered. Data and materials for this study have not been made publicly available. This article has received the badge for Preregistration. More information about the Open Practices badges can be found at http://www.psychologicalscience.org/publications/badges.,https://osf.io/gt2qz/
10.1177/09567976211045934,Restricted access,Research article,TRUE,TRUE,FALSE,osf.io/j6bkc;osf.io/hj87w,"Deidentified data, analysis scripts, and materials have been made publicly available via OSF and can be accessed at https://osf.io/j6bkc/. The design and analysis plan for the study were not preregistered. This article has received the badges for Open Data and Open Materials. More information about the Open Practices badges can be found at http://www.psychologicalscience.org/publications/badges.",https://osf.io/j6bkc/
10.1177/09567976211046884,Open Access,Research article,FALSE,FALSE,FALSE,osf.io/h4gcy;osf.io/kxhfu,All simulation code has been made publicly available via OSF and can be accessed at https://osf.io/h4gcy/.,https://osf.io/h4gcy/
10.1177/09567976211056641,Restricted access,Further reflection,FALSE,FALSE,FALSE,,NA,
10.1177/09567976211045929,Restricted access,Research article,TRUE,TRUE,TRUE,osf.io/2kv5r;osf.io/c87qe;osf.io/smb2t;osf.io/8c54b,"All data and materials have been made publicly available via OSF and can be accessed at https://osf.io/2kv5r/. The design and analysis plans for the experiments were preregistered at on OSF—pilot experiment: https://osf.io/c87qe/, Experiment 1: https://osf.io/smb2t/, Experiment 2: https://osf.io/8c54b/. This article has received the badges for Open Data, Open Materials, and Preregistration. More information about the Open Practices badges can be found at http://www.psychologicalscience.org/publications/badges.",https://osf.io/2kv5r/;https://osf.io/c87qe/;https://osf.io/smb2t/;https://osf.io/8c54b/
10.1177/09567976211054089,Restricted access,Research article,TRUE,FALSE,FALSE,,"Data, analysis scripts, and study materials have been made publicly available via Zenodo and can be accessed at https://doi.org/10.5281/zenodo.5121876. The design and analysis plans for the studies were not preregistered. This article has received the badge for Open Data. More information about the Open Practices badges can be found at http://www.psychologicalscience.org/publications/badges.",https://doi.org/10.5281/zenodo.5121876
10.1177/09567976211049439,Open Access,Research article,TRUE,TRUE,TRUE,osf.io/xertg;osf.io/4trmw;osf.io/f8qdg;osf.io/d45pk;osf.io/f8329;osf.io/r64cu,"All data, materials, and analysis code for the present studies have been made publicly available via OSF and can be accessed at https://osf.io/r64cu/. The design and analysis plans for the studies were preregistered on AsPredicted (Study 1a: https://aspredicted.org/my5jk.pdf, Study 1b: https://aspredicted.org/5xe8i.pdf, Study 2: https://aspredicted.org/ak97v.pdf). This article has received the badges for Open Data, Open Materials, and Preregistration. More information about the Open Practices badges can be found at http://www.psychologicalscience.org/publications/badges.",https://osf.io/r64cu/;https://aspredicted.org/my5jk.pdf;https://aspredicted.org/5xe8i.pdf;https://aspredicted.org/ak97v.pdf
10.1177/09567976211048485,Open Access,Research article,FALSE,FALSE,FALSE,,"Data and materials for this study have not been made publicly available, and the design and analysis plans were not preregistered.",
10.1177/09567976211051744,Available access,Research article,TRUE,TRUE,TRUE,osf.io/gz9a3;osf.io/uskcz,"All data, analysis code, and materials have been made publicly available via OSF and can be accessed at https://osf.io/gz9a3. The design and analysis plans for all the experiments were preregistered on AsPredicted (copies are available at https://osf.io/gz9a3). This article has received the badges for Open Data, Open Materials, and Preregistration. More information about the Open Practices badges can be found at http://www.psychologicalscience.org/publications/badges.",https://osf.io/gz9a3
10.1177/09567976211053275,Restricted access,Research article,TRUE,FALSE,FALSE,osf.io/c3wju,All data have been made publicly available via OSF and can be accessed at https://osf.io/c3wju/. The design and analysis plans for the experiments were not preregistered. This article has received the badge for Open Data. More information about the Open Practices badges can be found at http://www.psychologicalscience.org/publications/badges.,https://osf.io/c3wju/
10.1177/09567976211055185,Restricted access,Research article,TRUE,FALSE,FALSE,osf.io/k5fb2,The data from Experiments 1 through 3 have been made publicly available via OSF and can be accessed at https://osf.io/k5fb2/. The design and analysis plans for the experiments were not preregistered. This article has received the badge for Open Data. More information about the Open Practices badges can be found at http://www.psychologicalscience.org/publications/badges.,https://osf.io/k5fb2/
10.1177/09567976211053596,Restricted access,Research article,TRUE,TRUE,FALSE,osf.io/w8skp,"Deidentified data, analysis code, and experimental stimuli have been made publicly available via OSF and can be accessed at https://osf.io/w8skp/. The design and analysis plans for the experiments were not preregistered. This article has received the badges for Open Data and Open Materials. More information about the Open Practices badges can be found at http://www.psychologicalscience.org/publications/badges.",https://osf.io/w8skp/
10.1177/09567976211057507,Restricted access,Research article,TRUE,TRUE,FALSE,osf.io/aqng6,"All materials, data, analysis scripts, and markdown files have been made publicly available via OSF and can be accessed at https://osf.io/aqng6/. The design and analysis plans for the study were not preregistered. This article has received the badges for Open Data and Open Materials. More information about the Open Practices badges can be found at http://www.psychologicalscience.org/publications/badges.",https://osf.io/aqng6/
10.1177/09567976211054786,Restricted access,Research article,FALSE,FALSE,FALSE,,Data for this study have not been made publicly available but can be requested from the author via email ([email protected]). The design and analysis plans for the experiments were not preregistered.,[email protected]
10.1177/09567976211056623,Restricted access,Research article,TRUE,TRUE,FALSE,osf.io/fwz2r,"Data, code, and survey materials for all the studies have been made publicly available via OSF and can be accessed at https://osf.io/fwz2r/. The design and analysis plans for the studies were not preregistered. This article has received the badges for Open Data and Open Materials. More information about the Open Practices badges can be found at http://www.psychologicalscience.org/publications/badges.",https://osf.io/fwz2r/
10.1177/09567976211055375,Open Access,Research article,TRUE,FALSE,FALSE,osf.io/79kbm;osf.io/5v7sg;osf.io/xr4su;osf.io/dqng3,All data have been made publicly available via OSF and can be accessed at https://osf.io/5v7sg/. The design and analysis plans for the experiments were not preregistered. This article has received the badge for Open Data. More information about the Open Practices badges can be found at http://www.psychologicalscience.org/publications/badges.,https://osf.io/5v7sg/
10.1177/09567976211056620,Restricted access,Research article,TRUE,FALSE,FALSE,,All data have been made publicly available via OSF and can be accessed at https://doi.org/10.17605/OSF.IO/9DBX3. The design and analysis plan for the study were not preregistered. This article has received the badge for Open Data. More information about the Open Practices badges can be found at http://www.psychologicalscience.org/publications/badges.,https://doi.org/10.17605/OSF.IO/9DBX3
10.1177/09567976211056664,Restricted access,Research article,FALSE,FALSE,FALSE,,"Data and materials for this study have not been made publicly available, and the design and analysis plans were not preregistered.",
10.1177/09567976211059502,Restricted access,Research article,FALSE,FALSE,FALSE,,"Data and materials for this study have not been made publicly available, and the design and analysis plans were not preregistered.",
10.1177/09567976211063912,Restricted access,Research article,TRUE,TRUE,TRUE,osf.io/4tgxy;osf.io/jdtvs,"All data, analysis scripts, and materials have been made publicly available via OSF and can be accessed at https://osf.io/4tgxy/. The design and analysis plans for the study were preregistered at https://osf.io/jdtvs/. This article has received the badges for Open Data, Open Materials, and Preregistration. More information about the Open Practices badges can be found at http://www.psychologicalscience.org/publications/badges.",https://osf.io/4tgxy/;https://osf.io/jdtvs/
10.1177/09567976211054090,Restricted access,Research article,TRUE,TRUE,TRUE,osf.io/hdq7a;osf.io/rmhw6;osf.io/bv5g4;osf.io/jtm8n;osf.io/nzeq8;osf.io/gprq3,"All data and materials have been made publicly available via OSF and can be accessed at https://osf.io/hdq7a/. The design and analysis plans for all experiments were preregistered—preliminary study: https://osf.io/rmhw6/, Experiment 1a: https://osf.io/bv5g4/, Experiment 1b: https://osf.io/jtm8n/, Experiment 2: https://osf.io/nzeq8/, Experiment 3: https://osf.io/gprq3/. Note that although each preregistration was uploaded prior to data collection, it was not registered at that time; however, as the time stamps on OSF show, no changes were made after they were initially posted. This article has received the badges for Open Data, Open Materials, and Preregistration. More information about the Open Practices badges can be found at http://www.psychologicalscience.org/publications/badges.",https://osf.io/hdq7a/;https://osf.io/rmhw6/;https://osf.io/bv5g4/;https://osf.io/jtm8n/;https://osf.io/nzeq8/;https://osf.io/gprq3/
10.1177/09567976211056635,Restricted access,Research article,FALSE,FALSE,FALSE,,Raw data and select materials are publicly available at the National Institute of Mental Health Data Archive (https://nda.nih.gov/edit_collection.html?id=2447). Processed ecological momentary assessment (EMA) data are available at GitHub (https://github.com/dr-consulting/shackman-umd-pax-ema-pub). Key neuroimaging maps are available at NeuroVault (https://neurovault.org/collections/11274). The design and analysis plans for the present study were not preregistered.,https://nda.nih.gov/edit_collection.html?id=2447;https://github.com/dr-consulting/shackman-umd-pax-ema-pub;https://neurovault.org/collections/11274
10.1177/09567976211055373,Available access,Research article,FALSE,FALSE,FALSE,,"Data and materials for this study have not been made publicly available, and the design and analysis plans were not preregistered.",
10.1177/09567976211063915,Restricted access,Research article,FALSE,TRUE,TRUE,osf.io/apfts;osf.io/gvy3t;osf.io/tphr2;osf.io/5zxnt;osf.io/4hje2;osf.io/z8xqp;osf.io/wg72a,"The R code for Experiment 3 and the MATLAB code for Experiment 4 have been made publicly available via OSF and can be accessed at https://osf.io/apfts/ and https://osf.io/gvy3t/, respectively. A list of the stimuli used, along with citations showing where they were obtained, can be found at https://osf.io/apfts/. The design and analysis plans for Experiment 3 were preregistered at https://osf.io/tphr2/; follow-up analyses were preregistered at https://osf.io/5zxnt/ and https://osf.io/4hje2/. The design and analysis plans for Experiment 4 were preregistered at https://osf.io/z8xqp/; follow-up analyses were preregistered at https://osf.io/wg72a/. All follow-up analyses were preregistered after we looked at the data but before we ran the specific analysis. This article has received the badges for Open Materials and Preregistration. More information about the Open Practices badges can be found at http://www.psychologicalscience.org/publications/badges.",https://osf.io/apfts/;https://osf.io/gvy3t/;https://osf.io/tphr2/;https://osf.io/5zxnt/;https://osf.io/4hje2/;https://osf.io/z8xqp/;https://osf.io/wg72a/
10.1177/09567976211060009,Restricted access,Research article,TRUE,TRUE,TRUE,osf.io/wk345;osf.io/gy6ed;osf.io/rxz3k;osf.io/jpgy8;osf.io/xz9w2;osf.io/hzu2f,"All data have been made publicly available via OSF and can be accessed at https://osf.io/wk345/. All materials have been included in the main text of this article. The design and analysis plans for the following studies were preregistered: Study 3 (https://osf.io/gy6ed/), Study 4 (https://osf.io/rxz3k/), Study 5 (https://osf.io/jpgy8/), Study 6 (https://osf.io/xz9w2/), Study S1 (https://osf.io/hzu2f/). This article has received the badges for Open Data, Open Materials, and Preregistration. More information about the Open Practices badges can be found at http://www.psychologicalscience.org/publications/badges.",https://osf.io/wk345/;https://osf.io/gy6ed/;https://osf.io/rxz3k/;https://osf.io/jpgy8/;https://osf.io/xz9w2/;https://osf.io/hzu2f/
10.1177/09567976211061321,Open Access,Research article,TRUE,TRUE,TRUE,osf.io/qsxp8;osf.io/q3tfh;osf.io/ewpyq;osf.io/8hkjg;osf.io/kxa6w;osf.io/pnqy2;osf.io/7nh9z;osf.io/6mp98,"All data and materials have been made publicly available via OSF and can be accessed at https://osf.io/qsxp8/. The design and analysis plans for the experiments were preregistered at OSF (Experiment 1a: https://osf.io/8hkjg/; Experiment 1b: https://osf.io/kxa6w/; Experiment 2: https://osf.io/pnqy2/; Experiment 3: https://osf.io/7nh9z/; Experiment 4, second wave: https://osf.io/6mp98/). This article has received the badges for Open Data, Open Materials, and Preregistration. More information about the Open Practices badges can be found at http://www.psychologicalscience.org/publications/badges.",https://osf.io/qsxp8/;https://osf.io/8hkjg/;https://osf.io/kxa6w/;https://osf.io/pnqy2/;https://osf.io/7nh9z/;https://osf.io/6mp98/
10.1177/09567976211061107,Restricted access,Research article,TRUE,FALSE,TRUE,osf.io/vf9s2,Data for Studies 2 and 3 and JASP output for Bayesian analyses in Study 1 have been made publicly available via OSF and can be accessed at https://osf.io/vf9s2/. The design and analysis plans for Study 2 were preregistered at AsPredicted (https://aspredicted.org/xw9sd.pdf). This article has received the badges for Open Data and Preregistration. More information about the Open Practices badges can be found at http://www.psychologicalscience.org/publications/badges.,https://osf.io/vf9s2/;https://aspredicted.org/xw9sd.pdf
10.1177/09567976211061470,Restricted access,Research article,TRUE,FALSE,FALSE,osf.io/jrtfn,All data and scripts for analyzing data have been made publicly available via OSF and can be accessed at https://osf.io/jrtfn/. The design and analysis plans for the experiments were not preregistered. This article has received the badge for Open Data. More information about the Open Practices badges can be found at http://www.psychologicalscience.org/publications/badges.,https://osf.io/jrtfn/
10.1177/09567976221100413,Free access,Correction,FALSE,FALSE,FALSE,,NA,
10.1177/09567976211068110,Restricted access,Research article,TRUE,TRUE,FALSE,osf.io/byjef,"All data, analysis scripts, and materials have been made publicly available via OSF and can be accessed at https://osf.io/byjef/. The design and analysis plans for each wave of data collection were preregistered on AsPredicted at https://aspredicted.org/we52g.pdf and https://aspredicted.org/jp8sa.pdf. This article has received the badges for Open Data and Open Materials. More information about the Open Practices badges can be found at http://www.psychologicalscience.org/publications/badges.",https://osf.io/byjef/;https://aspredicted.org/we52g.pdf;https://aspredicted.org/jp8sa.pdf
10.1177/09567976221077216,Restricted access,Research article,TRUE,FALSE,TRUE,osf.io/v4dx7;osf.io/pvsm3,All data and coding instructions have been made publicly available via OSF and can be accessed at https://osf.io/v4dx7/. The design and analysis plans for the study were preregistered at https://osf.io/pvsm3/. This article has received the badges for Open Data and Preregistration. More information about the Open Practices badges can be found at http://www.psychologicalscience.org/publications/badges.,https://osf.io/v4dx7/;https://osf.io/pvsm3/
10.1177/09567976211073135,Restricted access,Research article,FALSE,FALSE,TRUE,osf.io/pwfm4,The design and analysis plans for Confirmatory Studies 1 and 2 were preregistered on OSF at https://osf.io/pwfm4/. Data and materials for these studies have not been made publicly available. This article has received the badge for Preregistration. More information about the Open Practices badges can be found at http://www.psychologicalscience.org/publications/badges.,https://osf.io/pwfm4/
10.1177/09567976211055371,Restricted access,Research article,TRUE,FALSE,TRUE,osf.io/9v3gk;osf.io/n24m9,All data and analysis scripts have been made publicly available via OSF and can be accessed at https://osf.io/9v3gk/. The design and analysis plans for Study 2 were preregistered at https://osf.io/n24m9/. This article has received the badge for Open Data and Preregistration. More information about the Open Practices badges can be found at http://www.psychologicalscience.org/publications/badges.,https://osf.io/9v3gk/;https://osf.io/n24m9/
10.1177/09567976211061109,Restricted access,Research article,TRUE,FALSE,TRUE,osf.io/z2nvy,All data analysis code have been made publicly available via OSF and can be accessed at https://osf.io/z2nvy/. The design and analysis plans were preregistered at https://sreereg.icpsr.umich.edu/sreereg/pages/sreereg/wwc.html. This article has received the badges for Open Data and Preregistration. More information about the Open Practices badges can be found at http://www.psychologicalscience.org/publications/badges.,https://osf.io/z2nvy/;https://sreereg.icpsr.umich.edu/sreereg/pages/sreereg/wwc.html
10.1177/09567976211070562,Restricted access,Research article,FALSE,FALSE,FALSE,,Data and materials for this study have not been made publicly available but can be requested via email from L. Cheng ([email protected]). The design and analysis plans for the study were not preregistered.,[email protected]
10.1177/09567976211070242,Available access,Research article,TRUE,FALSE,FALSE,,Deidentified data and analysis scripts have been made publicly available via the Digital Repository at the University of Maryland and can be accessed at http://hdl.handle.net/1903/21495; access to the data is limited to qualified researchers. The materials used in these studies are widely available. The design and analysis plans for the study were not preregistered. This article has received the badge for Open Data. More information about the Open Practices badges can be found at http://www.psychologicalscience.org/publications/badges.,http://hdl.handle.net/1903/21495
10.1177/09567976211068045,Open Access,Research article,FALSE,FALSE,FALSE,osf.io/vwnbh,All raw data and modeling code have been made publicly available via OSF and can be accessed at https://osf.io/vwnbh/. The design and analysis plan for the experiments were not preregistered.,https://osf.io/vwnbh/
10.1177/09567976211068070,Open Access,Research article,FALSE,FALSE,FALSE,,"Data and materials for this study have not been made publicly available, and the design and analysis plans were not preregistered.",
10.1177/09567976211073131,Restricted access,Research article,TRUE,FALSE,FALSE,osf.io/2fg5w;osf.io/mja6c,All data and modeling code have been made publicly available via OSF and can be accessed at https://osf.io/2fg5w/. The design and analysis plans for the study were not preregistered. This article has received the badge for Open Data. More information about the Open Practices badges can be found at http://www.psychologicalscience.org/publications/badges.,https://osf.io/2fg5w/
10.1177/09567976221074650,Restricted access,Research article,TRUE,TRUE,TRUE,osf.io/23zvb;osf.io/m7vgf,"All data and materials have been made publicly available via OSF and can be accessed at https://osf.io/23zvb/. The design and analysis plans for the study were preregistered at https://osf.io/m7vgf/. This article has received the badges for Open Data, Open Materials, and Preregistration. More information about the Open Practices badges can be found at http://www.psychologicalscience.org/publications/badges.",https://osf.io/23zvb/;https://osf.io/m7vgf/
10.1177/09567976221077041,Available access,Research article,FALSE,TRUE,FALSE,osf.io/73gd2,All modeling scripts and materials have been made publicly available via OSF and can be accessed at https://osf.io/73gd2. Data for this study have not been made publicly available. The design and analysis plans were not preregistered. This article has received the badge for Open Materials. More information about the Open Practices badges can be found at http://www.psychologicalscience.org/publications/badges.,https://osf.io/73gd2
10.1177/09567976221075608,Restricted access,Research article,FALSE,FALSE,FALSE,,"Data from the 1958 British Birth Cohort can be accessed by qualified researchers through the UK Data Service at https://doi.org/10.5255/UKDA-SN-8313-1 (University College London, UCL Institute of Education, Centre for Longitudinal Studies, 2020), https://doi.org/10.5255/UKDA-SN-5565-2 (University of London, Institute of Education, Centre for Longitudinal Studies, 2020), and https://doi.org/10.5255/UKDA-SN-5594-3 (University of London, Institute of Education, Centre for Longitudinal Studies, NatCen Social Research, 2021). The design and analysis plans for this study were not preregistered.","https://doi.org/10.5255/UKDA-SN-8313-1;University College London, UCL Institute of Education, Centre for Longitudinal Studies, 2020;https://doi.org/10.5255/UKDA-SN-5565-2;University of London, Institute of Education, Centre for Longitudinal Studies, 2020;https://doi.org/10.5255/UKDA-SN-5594-3;University of London, Institute of Education, Centre for Longitudinal Studies, NatCen Social Research, 2021"
10.1177/09567976221082941,Open Access,Research article,TRUE,TRUE,TRUE,osf.io/e28nd;osf.io/fx4rh;osf.io/uwvs6;osf.io/3efgd;osf.io/uhcp7;osf.io/75bpy,"All raw data, task code, and analysis scripts have been made publicly available via OSF and can be accessed at https://osf.io/3efgd/. Stimuli are available at https://osf.io/uwvs6/. The design and analysis plans were preregistered on OSF at https://osf.io/e28nd/. This article has received the badges for Open Data, Open Materials, and Preregistration. More information about the Open Practices badges can be found at http://www.psychologicalscience.org/publications/badges.",https://osf.io/3efgd/;https://osf.io/uwvs6/;https://osf.io/e28nd/
10.1177/09567976211068880,Open Access,Research article,TRUE,FALSE,FALSE,osf.io/7sbpk,All data have been made publicly available via OSF and can be accessed at https://osf.io/7sbpk/. The design and analysis plans for the experiments were not preregistered. This article has received the badge for Open Data. More information about the Open Practices badges can be found at http://www.psychologicalscience.org/publications/badges.,https://osf.io/7sbpk/
10.1177/09567976211072814,Available access,Research article,TRUE,FALSE,FALSE,osf.io/wxvth;osf.io/f7v3n;osf.io/yazn6,All data and analysis scripts have been made publicly available via OSF and can be accessed at https://osf.io/yazn6/. The design and analysis plans for the studies were not preregistered. This article has received the badge for Open Data. More information about the Open Practices badges can be found at http://www.psychologicalscience.org/publications/badges.,https://osf.io/yazn6/
10.1177/09567976221075303,Restricted access,Research article,TRUE,TRUE,TRUE,osf.io/ujhn9,"Study materials and deidentified data have been made publicly available via OSF and can be accessed at https://osf.io/ujhn9/. The design and analysis plans were preregistered on AsPredicted (Study 2: https://aspredicted.org/KXE_VWS, Study 3: https://aspredicted.org/ZZD_QDM, Study 4: https://aspredicted.org/MVT_79D, Study 5: https://aspredicted.org/JAB_EJX, Study S1: https://aspredicted.org/9VV_J3M, Study S2: https://aspredicted.org/SK9_ZHG). This article has received the badges for Open Data, Open Materials, and Preregistration. More information about the Open Practices badges can be found at http://www.psychologicalscience.org/publications/badges.",https://osf.io/ujhn9/;https://aspredicted.org/KXE_VWS;https://aspredicted.org/ZZD_QDM;https://aspredicted.org/MVT_79D;https://aspredicted.org/JAB_EJX;https://aspredicted.org/9VV_J3M;https://aspredicted.org/SK9_ZHG
10.1177/09567976221075302,Restricted access,Research article,TRUE,TRUE,TRUE,osf.io/q7vj9,"Data and materials for all the experiments have been made publicly available via OSF and can be accessed at https://osf.io/q7vj9/. The design and analysis plans for all experiments were preregistered on AsPredicted (copies are available at https://osf.io/q7vj9/). This article has received the badges for Open Data, Open Materials, and Preregistration. More information about the Open Practices badges can be found at http://www.psychologicalscience.org/publications/badges.",https://osf.io/q7vj9/
10.1177/09567976221082942,Restricted access,Research article,TRUE,TRUE,TRUE,osf.io/w2xu8,"All data and materials have been made publicly available via OSF and can be accessed at https://osf.io/w2xu8/. The design and analysis plans for all the studies were preregistered on AsPredicted.org (copies of the preregistration are available at https://osf.io/w2xu8/). This article has received the badges for Open Data, Open Materials, and Preregistration. More information about the Open Practices badges can be found at http://www.psychologicalscience.org/publications/badges.",https://osf.io/w2xu8/
10.1177/09567976221081872,Restricted access,Research article,TRUE,TRUE,FALSE,osf.io/dnf2t;osf.io/524en;osf.io/dup4q;osf.io/vjgsz,"All data, code, and materials necessary to replicate this study have been made publicly available via OSF and can be accessed at https://osf.io/dnf2t/ (Samples A and B) and https://osf.io/524en/ (Sample C). The design and analysis plans for samples B and C were preregistered at https://osf.io/dup4q/ and https://osf.io/vjgsz/, respectively. This article has received the badges for Open Data and Open Materials. More information about the Open Practices badges can be found at http://www.psychologicalscience.org/publications/badges.",https://osf.io/dnf2t/;https://osf.io/524en/;https://osf.io/dup4q/;https://osf.io/vjgsz/
10.1177/09567976221079633,Open Access,Research article,FALSE,FALSE,FALSE,,Data and materials have not been made publicly available but can be requested via email from A. W. Manigault at [email protected]. The design and analysis plans for the study were not preregistered.,[email protected]
10.1177/09567976221105214,Restricted access,Further reflection,FALSE,FALSE,FALSE,,NA,
10.1177/09567976221114595,Free access,Correction,FALSE,FALSE,FALSE,,NA,
10.1177/09567976221084257,Restricted access,Research article,TRUE,TRUE,TRUE,osf.io/qywh4;osf.io/y9hiq,"Cleaned data and analysis scripts have been made publicly available via OSF and can be accessed at https://osf.io/qywh4/. Raw data are from the Project Implicit Demonstration Website database, archived at https://osf.io/y9hiq/. The design and analysis plans for the present study were preregistered at https://aspredicted.org/mh958.pdf. Deviations from the preregistered analysis plan are noted in the main text and/or the Supplemental Material available online. This article has received the badges for Open Data, Open Materials, and Preregistration. More information about the Open Practices badges can be found at http://www.psychologicalscience.org/publications/badges.",https://osf.io/qywh4/;https://osf.io/y9hiq/;https://aspredicted.org/mh958.pdf;Supplemental Material
10.1177/09567976221083543,Restricted access,Research article,TRUE,FALSE,TRUE,osf.io/c9pqd,All data and analysis code have been made publicly available via OSF and can be accessed at https://osf.io/c9pqd/. The design and analysis plans for Study 3 were preregistered on AsPredicted (https://aspredicted.org/wv7f7.pdf). This article has received the badges for Open Data and Preregistration. More information about the Open Practices badges can be found at http://www.psychologicalscience.org/publications/badges.,https://osf.io/c9pqd/;https://aspredicted.org/wv7f7.pdf
10.1177/09567976221098595,Open Access,Research article,TRUE,TRUE,TRUE,osf.io/t69jd,"All data and materials have been made publicly available via OSF and can be accessed at https://osf.io/t69jd/. The design and analysis plans were preregistered at https://osf.io/t69jd/. Note that although the preregistrations were uploaded prior to data collection, they were not registered at that time; however, as the time stamps on OSF show, no changes were made after they were initially posted. This article has received the badges for Open Data, Open Materials, and Preregistration. More information about the Open Practices badges can be found at http://www.psychologicalscience.org/publications/badges.",https://osf.io/t69jd/
10.1177/09567976221089599,Open Access,Research article,TRUE,TRUE,TRUE,osf.io/s2md8;osf.io/bsajt,"All data, code, and materials for Experiments 1 and 2 have been made publicly available via OSF and can be accessed at https://osf.io/s2md8/. Experiment 1 was not preregistered. Experiment 2 was preregistered on OSF at https://osf.io/bsajt/. This article has received the badges for Open Data, Open Materials, and Preregistration. More information about the Open Practices badges can be found at http://www.psychologicalscience.org/publications/badges.",https://osf.io/s2md8/;https://osf.io/bsajt/
10.1177/09567976221082938,Open Access,Research article,TRUE,TRUE,TRUE,,"Videos of all the tasks and the data for this study have been made publicly available via Dryad and can be accessed at https://doi.org/10.5061/dryad.6hdr7sr2k. The design and analysis plans for the study were preregistered on AsPredicted at https://aspredicted.org/iv9tb.pdf. This article has received the badges for Open Data, Open Materials, and Preregistration. More information about the Open Practices badges can be found at http://www.psychologicalscience.org/publications/badges.",https://doi.org/10.5061/dryad.6hdr7sr2k;https://aspredicted.org/iv9tb.pdf
10.1177/09567976221086513,Open Access,Research article,TRUE,TRUE,FALSE,osf.io/zdc8t,"All data, analysis code, and code used to generate the stimuli have been made publicly available via OSF and can be accessed at https://osf.io/zdc8t/. The design and analysis plans for the experiments were not preregistered. This article has received the badges for Open Data and Open Materials. More information about the Open Practices badges can be found at http://www.psychologicalscience.org/publications/badges.",https://osf.io/zdc8t/
10.1177/09567976221089603,Available access,Research article,TRUE,TRUE,FALSE,osf.io/cvekx,"All data, scripts, and materials have been made publicly available via OSF and can be accessed at https://osf.io/cvekx/. The design and analysis plans for the study were not preregistered. This article has received the badges for Open Data and Open Materials. More information about the Open Practices badges can be found at http://www.psychologicalscience.org/publications/badges.",https://osf.io/cvekx/
10.1177/09567976221085501,Open Access,Research article,TRUE,FALSE,FALSE,osf.io/qeku3,All data and code have been made publicly available via OSF and can be accessed at https://osf.io/qeku3/. The design and analysis plans for the studies were not preregistered. This article has received the badge for Open Data. More information about the Open Practices badges can be found at http://www.psychologicalscience.org/publications/badges.,https://osf.io/qeku3/
10.1177/09567976221091838,Open Access,Research article,TRUE,FALSE,FALSE,osf.io/5xhet;osf.io/jxczq,All data and analysis scripts have been made publicly available via OSF and can be accessed at https://osf.io/jxczq/. The design and analysis plans for this study were not preregistered. This article has received the badge for Open Data. More information about the Open Practices badges can be found at http://www.psychologicalscience.org/publications/badges.,https://osf.io/jxczq/
10.1177/09567976211059801,Open Access,Research article,TRUE,TRUE,FALSE,osf.io/cnj68,All data have been made publicly available via figshare and can be accessed at https://doi.org/10.6084/m9.figshare.c.5630842.v2. All analysis scripts and materials have been made publicly available via Zenodo and can be accessed at https://doi.org/10.5281/zenodo.6855921. The design and analysis plans for the study were not preregistered. This article has received the badges for Open Data and Open Materials. More information about the Open Practices badges can be found at http://www.psychologicalscience.org/publications/badges.,https://doi.org/10.6084/m9.figshare.c.5630842.v2;https://doi.org/10.5281/zenodo.6855921
10.1177/09567976221092726,Open Access,Research article,FALSE,FALSE,TRUE,osf.io/r9fbx,"The design and analysis plans for the study were preregistered on OSF (https://osf.io/r9fbx). Researchers can request Lothian Birth Cohort 1936 data by completing a data-request form and then a formal data-transfer agreement. For details, see https://www.ed.ac.uk/lothian-birth-cohorts/data-access-collaboration. This article has received the badge for Preregistration. More information about the Open Practices badges can be found at http://www.psychologicalscience.org/publications/badges.",https://osf.io/r9fbx;https://www.ed.ac.uk/lothian-birth-cohorts/data-access-collaboration
10.1177/09567976221083322,Open Access,Research article,FALSE,FALSE,FALSE,,All data and materials have been made publicly availablevia The Common Cold Project website and can be accessed at https://www.cmu.edu/common-cold-project/about/index.html. The design and analysis plans for the present study were not preregistered.,https://www.cmu.edu/common-cold-project/about/index.html
10.1177/09567976221091211,Restricted access,Research article,FALSE,FALSE,FALSE,,"All data and experimental demos have been made publicly available via the Institutional Knowledge Repository, Institute of Psychology, Chinese Academy of Sciences, and can be accessed at http://ir.psych.ac.cn/handle/311026/39958. The design and analysis plans for the study were not preregistered.",http://ir.psych.ac.cn/handle/311026/39958
10.1177/09567976221094628,Restricted access,Research article,FALSE,FALSE,FALSE,,"All data, analysis code, and research materials have been made available via the Knowledge Repository of Institute of Psychology, Chinese Academy of Sciences and can be accessed at http://ir.psych.ac.cn/handle/311026/39791. The design and analysis plans for the experiments were not preregistered.",http://ir.psych.ac.cn/handle/311026/39791
10.1177/09567976221094782,Open Access,Research article,TRUE,TRUE,TRUE,osf.io/zfrhb;osf.io/zx7b8;osf.io/ftxsc;osf.io/2bt6q,"All data, analysis code, and materials have been made publicly available via OSF and can be accessed at https://osf.io/ftxsc/. The design and analysis plans for the studies were preregistered (Study 1: https://osf.io/zfrhb/, Study 2: https://osf.io/zx7b8/). This article has received the badges for Open Data, Open Materials, and Preregistration. More information about the Open Practices badges can be found at http://www.psychologicalscience.org/publications/badges.",https://osf.io/ftxsc/;https://osf.io/zfrhb/;https://osf.io/zx7b8/
10.1177/09567976221098594,Restricted access,Research article,TRUE,TRUE,TRUE,osf.io/r7bes;osf.io/dt7vy;osf.io/pqhvn,"All data, analysis code, and materials have been made publicly available via OSF and can be accessed at https://osf.io/r7bes/. The design and analysis plans for the experiments were preregistered on OSF (Study 3: https://osf.io/dt7vy, Study 4: https://osf.io/pqhvn). This article has received the badges for Open Data, Open Materials, and Preregistration. More information about the Open Practices badges can be found at http://www.psychologicalscience.org/publications/badges.",https://osf.io/r7bes/;https://osf.io/dt7vy;https://osf.io/pqhvn
10.1177/09567976221094630,Open Access,Research article,FALSE,TRUE,FALSE,osf.io/4zm2u;osf.io/pmhfa,Requests to access the data should be directed to the respective data-holding institutions (see Table 1 for the full list of surveys used in this study). All materials have been made publicly available via OSF and can be accessed at https://osf.io/4zm2u/. The design and analysis plans for the study were not preregistered. This article has received the badge for Open Materials. More information about the Open Practices badges can be found at http://www.psychologicalscience.org/publications/badges.,Table 1;https://osf.io/4zm2u/
10.1177/09567976221097499,Open Access,Research article,TRUE,TRUE,TRUE,osf.io/kabux,"All data and materials have been made publicly available via Zenodo and can be accessed at https://doi.org/10.5281/zenodo.6394559. The design and analysis plans for the studies were preregistered (Study 1: https://doi.org/10.17605/OSF.IO/YBS7F, Study 2: https://doi.org/10.17605/OSF.IO/QGN4X, Study 3: https://doi.org/10.23668/psycharchives.4377). This article has received the badges for Open Data, Open Materials, and Preregistration. More information about the Open Practices badges can be found at http://www.psychologicalscience.org/publications/badges.",https://doi.org/10.5281/zenodo.6394559;https://doi.org/10.17605/OSF.IO/YBS7F;https://doi.org/10.17605/OSF.IO/QGN4X;https://doi.org/10.23668/psycharchives.4377
10.1177/09567976221102868,Restricted access,Research article,TRUE,TRUE,TRUE,osf.io/ke2f5,"Deidentified raw data, analysis code, and study materials have been made publicly available via OSF and can be accessed at https://osf.io/ke2f5/. The design and analysis plans for the experiments were preregistered on AsPredicted (copies are available at https://osf.io/ke2f5/). This article has received the badges for Open Data, Open Materials, and Preregistration. More information about the Open Practices badges can be found at http://www.psychologicalscience.org/publications/badges.",https://osf.io/ke2f5/
10.1177/09567976221096320,Restricted access,Research article,TRUE,FALSE,FALSE,osf.io/2b9vr;osf.io/fmznh,"All data and analysis code, as well as a demonstration video of the face-recognition task, have been made publicly available via OSF and can be accessed at https://osf.io/2b9vr/. The design and analysis plans for the experiments were not preregistered. This article has received the badge for Open Data. More information about the Open Practices badges can be found at http://www.psychologicalscience.org/publications/badges.",https://osf.io/2b9vr/
10.1177/09567976221105459,Open Access,Research article,TRUE,FALSE,FALSE,osf.io/tq92h,All data and analysis code have been made publicly available via the Open Science Framework and can be accessed at https://osf.io/tq92h/. This article has received the badge for Open Data. More information about the Open Practices badges can be found at http://www.psychologicalscience.org/publications/badges.,https://osf.io/tq92h/
10.1177/09567976221105460,Open Access,Research article,FALSE,FALSE,FALSE,,"Data and materials for this study have not been made publicly available, and the design and analysis plans were not preregistered. Anonymized raw data (questionnaire data, coded data including the relative frequency of fetal facial movements, and fetal facial gestalts) are available from the corresponding author on request.",
10.1177/09567976221102070,Restricted access,Research article,TRUE,FALSE,FALSE,osf.io/qw4b3,All processed data and analysis scripts have been made publicly available via OSF and can be accessed at https://osf.io/qw4b3/. The design and analysis plans for the study were not preregistered. This article has received the badge for Open Data. More information about the Open Practices badges can be found at http://www.psychologicalscience.org/publications/badges.,https://osf.io/qw4b3/
10.1177/09567976221090923,Restricted access,Research article,TRUE,TRUE,FALSE,osf.io/uhbx5,"All data, analysis scripts, and task scripts have been made publicly available via OSF and can be accessed at https://osf.io/uhbx5/. The design and analysis plans for the experiments were not preregistered. This article has received the badges for Open Data and Open Materials. More information about the Open Practices badges can be found at http://www.psychologicalscience.org/publications/badges.",https://osf.io/uhbx5/
10.1177/09567976221097497,Restricted access,Research article,TRUE,TRUE,FALSE,osf.io/fbm7s,All data and materials have been made publicly available via OSF and can be accessed at https://osf.io/fbm7s/. The design and analysis plans for the experiments were not preregistered. This article has received the badges for Open Data and Open Materials. More information about the Open Practices badges can be found at http://www.psychologicalscience.org/publications/badges.,https://osf.io/fbm7s/
10.1177/09567976221097615,Restricted access,Research article,TRUE,TRUE,TRUE,osf.io/j67c3,"All data and materials have been made publicly available via OSF and can be accessed at https://osf.io/j67c3/. The design and analysis plans for all the experiments were preregistered on AsPredicted (copies of the preregistration forms are available at https://osf.io/j67c3/). This article has received the badges for Open Data, Open Materials, and Preregistration. More information about the Open Practices badges can be found at http://www.psychologicalscience.org/publications/badges.",https://osf.io/j67c3/
10.1177/09567976221085494,Restricted access,Research article,TRUE,TRUE,TRUE,osf.io/3x7z8,"Full data, code, and materials for all the studies have been made publicly available via ResearchBox and can be accessed at https://researchbox.org/372. The design and analysis plans for each study were preregistered on AsPredicted (copies of the preregistrations are available at https://researchbox.org/372). This article has received the badges for Open Data, Open Materials, and Preregistration. More information about the Open Practices badges can be found at http://www.psychologicalscience.org/publications/badges.",https://researchbox.org/372
10.1177/09567976221101045,Open Access,Research article,FALSE,TRUE,TRUE,osf.io/y6f2c,The code necessary to reproduce the analyses has been made publicly available via OSF and can be accessed at https://osf.io/y6f2c/. The design and analysis plans for the study were preregistered on AsPredicted at https://aspredicted.org/dp8r5.pdf. This article has received the badges for Open Materials and Preregistration. More information about the Open Practices badges can be found at http://www.psychologicalscience.org/publications/badges.,https://osf.io/y6f2c/;https://aspredicted.org/dp8r5.pdf
10.1177/09567976221093307,Restricted access,Research article,TRUE,TRUE,TRUE,osf.io/8ebyx;osf.io/4nm5p;osf.io/5hj3x;osf.io/e24v6,"All data, materials, and analysis scripts have been made publicly available via OSF and can be accessed at https://osf.io/8ebyx/ and https://github.com/emoriebeck/behavior-prediction. The design and analysis plans were preregistered at https://osf.io/4nm5p/. This article has received the badges for Open Data, Open Materials, and Preregistration. More information about the Open Practices badges can be found at http://www.psychologicalscience.org/publications/badges.",https://osf.io/8ebyx/;https://github.com/emoriebeck/behavior-prediction;https://osf.io/4nm5p/
10.1177/09567976221101315,Open Access,Research article,TRUE,FALSE,FALSE,osf.io/9h3pw;osf.io/48g2s,All data have been made publicly available via OSF and can be accessed at https://osf.io/48g2s/. The design and analysis plans for the experiments were not preregistered. This article has received the badge for Open Data. More information about the Open Practices badges can be found at http://www.psychologicalscience.org/publications/badges.,https://osf.io/48g2s/
10.1177/09567976221119981,Free access,Correction,FALSE,FALSE,FALSE,,NA,
10.1177/09567976221100264,Open Access,Research article,FALSE,FALSE,FALSE,,The data for this study can be requested by completing a data-request form from the Lothian Birth Cohort and are subject to the terms of a standard data-transfer agreement (https://www.ed.ac.uk/lothian-birth-cohorts/data-access-collaboration). Code is available at https://www.ed.ac.uk/lothian-birth-cohorts/summary-data-resources. The design and analysis plans for the present study were not preregistered.,https://www.ed.ac.uk/lothian-birth-cohorts/data-access-collaboration;https://www.ed.ac.uk/lothian-birth-cohorts/summary-data-resources
10.1177/09567976221119393,Restricted access,Research article,TRUE,TRUE,FALSE,osf.io/qfjk9,"All data, analysis code, and materials have been made publicly available via the Open Science Framework and can be accessed at osf.io/qfjk9. This article has received the badges for Open Data and Open Materials. More information about the Open Practices badges can be found at http://www.psychologicalscience.org/publications/badges. This study was not preregistered.",https://osf.io/qfjk9
10.1177/09567976221096158,Restricted access,Research article,FALSE,TRUE,FALSE,osf.io/bavsw,"German Socio-Economic Panel (SOEP) data are publicly available at https://www.soep-cov.de/home_en.html, British Household Panel Survey (BHPS) data are publicly available at https://www.iser.essex.ac.uk/bhps, Enquete de Conjoncture Aupres des Menages (CAMME) data are publicly available at https://www.cepremap.fr/Tableau_de_Bord_Bien-Etre.html, and aggregate Gallup data are available in Gallup and Newport (2009) and Moore (2006). All analysis scripts have been made publicly available via OSF and can be accessed at https://osf.io/bavsw/. The design and analysis plans for this study were not preregistered. This article has received the badges for Open Materials. More information about the Open Practices badges can be found at http://www.psychologicalscience.org/publications/badges.",https://www.soep-cov.de/home_en.html;https://www.iser.essex.ac.uk/bhps;https://www.cepremap.fr/Tableau_de_Bord_Bien-Etre.html;https://osf.io/bavsw/
10.1177/09567976221105208,Restricted access,Research article,TRUE,TRUE,TRUE,osf.io/9fapj,"All data, analysis code, and materials have been made publicly available via OSF and can be accessed at https://osf.io/9fapj/. The design and analysis plans for both experiments were preregistered (https://osf.io/9fapj/). This article has received the badges for Open Data, Open Materials, and Preregistration. More information about the Open Practices badges can be found at http://www.psychologicalscience.org/publications/badges.",https://osf.io/9fapj/
10.1177/09567976221091801,Restricted access,Research article,TRUE,TRUE,TRUE,,"All data, materials, and analysis code have been made publicly available via ResearchBox and can be accessed at https://researchbox.org/527. The design and analysis plans for the experiments were preregistered on AsPredicted (copies of all preregistrations are available at https://researchbox.org/527). This article has received the badges for Open Data, Open Materials, and Preregistration. More information about the Open Practices badges can be found at http://www.psychologicalscience.org/publications/badges.",https://researchbox.org/527
10.1177/09567976221119727,Open Access,Research article,TRUE,FALSE,TRUE,osf.io/g3acp;osf.io/vcydf,"As suggested by Simmons et al. (2012), we report how we determined our sample size, all data exclusions, all manipulations, and all measures in the study. This study was preregistered on the Open Science Framework (OSF) prior to data collection (see https://osf.io/g3acp/; deviations from the preregistration are listed in the Supplemental Material available online). All data and code to analyze the data and reproduce the figures are available on the OSF (https://osf.io/vcydf/).",https://osf.io/g3acp/;https://osf.io/vcydf/
10.1177/09567976221094036,Open Access,Research article,TRUE,TRUE,TRUE,osf.io/9tuvb;osf.io/akceu;osf.io/uzmb9;osf.io/5nrfy;osf.io/a84hg;osf.io/7vj8q;osf.io/t5jph;osf.io/e6sa2,"Data, analysis scripts and materials have been made publicly available via OSF and can be accessed at https://osf.io/uzmb9/. The design and analysis plans for the studies were preregistered on OSF (Study 1: https://osf.io/akceu/wiki/home/; Study 2: https://osf.io/a84hg/wiki/home/). This article has received the badges for Open Data, Open Materials, and Preregistration. More information about the Open Practices badges can be found at http://www.psychologicalscience.org/publications/badges.",https://osf.io/uzmb9/;https://osf.io/akceu/wiki/home/;https://osf.io/a84hg/wiki/home/
10.1177/09567976221117154,Restricted access,Research article,TRUE,TRUE,TRUE,osf.io/y9s3k;osf.io/4kpg8,"All data, analysis scripts, and materials have been made publicly available via OSF and can be accessed at https://osf.io/y9s3k/. The design and analysis plans for Experiment 2 were preregistered at https://osf.io/4kpg8/. This article has received the badges for Open Data, Open Materials, and Preregistration. More information about the Open Practices badges can be found at http://www.psychologicalscience.org/publications/badges.",https://osf.io/y9s3k/;https://osf.io/4kpg8/
10.1177/09567976221122765,Restricted access,Research article,FALSE,TRUE,FALSE,,This article has received the badge for Open Materials. More information about the Open Practices badges can be found at http://www.psychologicalscience.org/publications/badges.,
10.1177/09567976221108941,Free access,Research article,TRUE,FALSE,TRUE,osf.io/49e7w;osf.io/snjvg;osf.io/z2der,All data and analysis code have been made publicly available via OSF and can be accessed at https://osf.io/z2der/. The design and analysis plans for the study were preregistered at https://10.17605/osf.io/49e7w/. This article has received the badges for Open Data and Preregistration. More information about the Open Practices badges can be found at http://www.psychologicalscience.org/publications/badges.,https://osf.io/z2der/;https://10.17605/osf.io/49e7w/
10.1177/09567976221094863,Restricted access,Research article,TRUE,TRUE,FALSE,osf.io/bdcsx,"All data, scripts, codes, and materials for this study have been made publicly available via OSF and can be accessed at https://osf.io/bdcsx/. The design and analysis plans were not preregistered. This article has received the badges for Open Data and Open Materials. More information about the Open Practices badges can be found at http://www.psychologicalscience.org/publications/badges.",https://osf.io/bdcsx/
10.1177/09567976221100229,Restricted access,Article commentary,FALSE,TRUE,FALSE,,All data have been made publicly available at https://github.com/avilher/psych_sci_commentary. This article has received the badge for Open Materials. More information about the Open Practices badges can be found at http://www.psychologicalscience.org/publications/badges.,https://github.com/avilher/psych_sci_commentary
10.1177/09567976221108944,Restricted access,Research article,TRUE,TRUE,FALSE,osf.io/7cmwf,All data and stimuli have been made publicly available via OSF and can be accessed at https://osf.io/7cmwf/. The design and analysis plans for the experiments were not preregistered. This article has received the badges for Open Data and Open Materials. More information about the Open Practices badges can be found at http://www.psychologicalscience.org/publications/badges. None of the experiments reported in this article were preregistered.,https://osf.io/7cmwf/
10.1177/09567976221083219,Open Access,Research article,TRUE,FALSE,TRUE,osf.io/jm3ns;osf.io/3tkwy;osf.io/9gnkc,"All data and analysis scripts have been made publicly available via OSF and can be accessed at https://osf.io/9gnkc/. The design and analysis plans for the study were preregistered at https://osf.io/jm3ns/; for all deviations from the preregistered protocol, see https://osf.io/3tkwy/. This article has received the badges for Open Data and Preregistration. More information about the Open Practices badges can be found at http://www.psychologicalscience.org/publications/badges.",https://osf.io/9gnkc/;https://osf.io/jm3ns/;https://osf.io/3tkwy/
10.1177/09567976221112936,Restricted access,Research article,TRUE,TRUE,TRUE,osf.io/kq247;osf.io/ksytv;osf.io/gh9vj,"All data and materials have been made publicly available via OSF and can be accessed at https://osf.io/kq247/. The design and analysis plans for Study 1 were preregistered at https://osf.io/ksytv/. This article has received the badges for Open Data, Open Materials, and Preregistration. More information about the Open Practices badges can be found at http://www.psychologicalscience.org/publications/badges.",https://osf.io/kq247/;https://osf.io/ksytv/
10.1177/09567976221116816,Open Access,Research article,FALSE,FALSE,FALSE,,The study reported in this article was not preregistered. The data have not been made available on a permanent third-party archive; the data and analysis scripts that support the findings of this study are available from the corresponding author upon reasonable request.,
10.1177/09567976221093575,Restricted access,Research article,TRUE,TRUE,TRUE,osf.io/jrtqw,"All data, analysis code, and materials have been made publicly available via OSF and can be accessed at https://osf.io/jrtqw/. The design and analysis plans for the experiments were preregistered on AsPredicted (copies of all preregistrations are available at https://osf.io/jrtqw/). This article has received the badges for Open Data, Open Materials, and Preregistration. More information about the Open Practices badges can be found at http://www.psychologicalscience.org/publications/badges.",https://osf.io/jrtqw/
10.1177/09567976221114055,Open Access,Research article,FALSE,FALSE,TRUE,osf.io/nwhk4;osf.io/2h6m5;osf.io/anxvd,"The design and analysis plans for the experiments were preregistered on OSF (Experiment 1: https://osf.io/nwhk4, Experiment 2: https://osf.io/anxvd). Data and materials have not been made publicly available. This article has received the badge for Preregistration. More information about the Open Practices badges can be found at http://www.psychologicalscience.org/publications/badges.",https://osf.io/nwhk4;https://osf.io/anxvd
10.1177/09567976221119391,Open Access,Research article,TRUE,TRUE,FALSE,osf.io/kg7wb,The data and the script that was used to analyze the data are available via the Open Science Framework and can be accessed at https://osf.io/kg7wb/. The study reported in this article was not preregistered. Additional information on the study procedures and questionnaires is available via the Open Science Framework and can be accessed at https://osf.io/kg7wb/.,https://osf.io/kg7wb/
10.1177/09567976221109134,Open Access,Research article,TRUE,TRUE,TRUE,osf.io/4sw2t;osf.io/s9er3;osf.io/gr98d;osf.io/kcr2q;osf.io/b9dqg,"All data, code, and materials have been made publicly available via OSF and can be accessed at https://osf.io/4sw2t/ and https://zenodo.org/record/6614685. The design and analysis plans for the experiments were preregistered on OSF (Experiment 1: https://osf.io/s9er3/, Experiment 2a: https://osf.io/kcr2q/, Experiment 2b: https://osf.io/b9dqg/). The task and the fitted models can also be found here https://zenodo.org/record/6614757. This article has received the badges for Open Data, Open Materials, and Preregistration. More information about the Open Practices badges can be found at http://www.psychologicalscience.org/publications/badges.",https://osf.io/4sw2t/;https://zenodo.org/record/6614685;https://osf.io/s9er3/;https://osf.io/kcr2q/;https://osf.io/b9dqg/;https://zenodo.org/record/6614757
10.1177/09567976221110243,Restricted access,Research article,FALSE,FALSE,FALSE,,"Data and materials have not been made publicly available, and the design and analysis plans for the experiments were not preregistered.",
10.1177/09567976221121348,Open Access,Research article,TRUE,TRUE,FALSE,osf.io/85kwv,"All data, scripts, and stimuli have been made publicly available via OSF and can be accessed at https://osf.io/85kwv. The design and analysis plans for the experiments were not preregistered. This article has received the badges for Open Data and Open Materials. More information about the Open Practices badges can be found at http://www.psychologicalscience.org/publications/badges.",https://osf.io/85kwv
10.1177/09567976221110136,Restricted access,Research article,TRUE,TRUE,TRUE,osf.io/sk3pw;osf.io/sajxv,"All data and analysis scripts have been made publicly available via OSF and can be accessed at https://osf.io/sk3pw/. The design and analysis plans for Study 2 were preregistered at https://osf.io/sajxv/. This article has received the badges for Open Data, Open Materials, and Preregistration. More information about the Open Practices badges can be found at http://www.psychologicalscience.org/publications/badges.",https://osf.io/sk3pw/;https://osf.io/sajxv/
